<?xml version="1.0" encoding="UTF-8"?>
<templates xml:space="preserve">

    <t t-name="l10n_do_ncf.Dashboard">
        <div class="o_action" style="height: 100%; overflow: auto;">
            <div class="container-fluid py-4" style="background: #f4f6f9; min-height: 100%;">

                <!-- Header -->
                <div class="row mb-4">
                    <div class="col-12">
                        <h3 class="mb-1 text-dark fw-bold">Dashboard NCF</h3>
                        <p class="text-muted mb-0">Panel de Control de Comprobantes Fiscales</p>
                    </div>
                </div>

                <!-- Alertas -->
                <t t-if="state.alerts.length > 0">
                    <div class="row mb-4">
                        <div class="col-12">
                            <t t-foreach="state.alerts" t-as="alert" t-key="alert_index">
                                <div t-attf-class="alert alert-#{alert.type}" role="alert">
                                    <i t-attf-class="fa #{alert.icon} me-2"/>
                                    <strong t-esc="alert.title"/>: <span t-esc="alert.message"/>
                                </div>
                            </t>
                        </div>
                    </div>
                </t>

                <!-- Estadisticas principales -->
                <div class="row mb-4">
                    <!-- Facturas del Mes -->
                    <div class="col-lg-3 col-md-6 mb-3">
                        <div class="card border-0 shadow-sm h-100">
                            <div class="card-body">
                                <div class="d-flex justify-content-between align-items-center">
                                    <div>
                                        <p class="text-muted mb-1 small text-uppercase">Facturas del Mes</p>
                                        <h2 class="mb-0 fw-bold text-dark" t-esc="state.invoices_month"/>
                                    </div>
                                    <div class="rounded-circle d-flex align-items-center justify-content-center" style="width: 55px; height: 55px; background-color: rgba(13, 110, 253, 0.15);">
                                        <i class="fa fa-file-text fa-lg" style="color: #0d6efd;"/>
                                    </div>
                                </div>
                            </div>
                        </div>
                    </div>
                    <!-- Compras del Mes -->
                    <div class="col-lg-3 col-md-6 mb-3">
                        <div class="card border-0 shadow-sm h-100">
                            <div class="card-body">
                                <div class="d-flex justify-content-between align-items-center">
                                    <div>
                                        <p class="text-muted mb-1 small text-uppercase">Compras del Mes</p>
                                        <h2 class="mb-0 fw-bold text-dark" t-esc="state.purchases_month"/>
                                    </div>
                                    <div class="rounded-circle d-flex align-items-center justify-content-center" style="width: 55px; height: 55px; background-color: rgba(25, 135, 84, 0.15);">
                                        <i class="fa fa-shopping-cart fa-lg" style="color: #198754;"/>
                                    </div>
                                </div>
                            </div>
                        </div>
                    </div>
                    <!-- Anulados -->
                    <div class="col-lg-3 col-md-6 mb-3">
                        <div class="card border-0 shadow-sm h-100">
                            <div class="card-body">
                                <div class="d-flex justify-content-between align-items-center">
                                    <div>
                                        <p class="text-muted mb-1 small text-uppercase">Anulados</p>
                                        <h2 class="mb-0 fw-bold text-dark" t-esc="state.cancelled_month"/>
                                    </div>
                                    <div class="rounded-circle d-flex align-items-center justify-content-center" style="width: 55px; height: 55px; background-color: rgba(255, 193, 7, 0.15);">
                                        <i class="fa fa-ban fa-lg" style="color: #ffc107;"/>
                                    </div>
                                </div>
                            </div>
                        </div>
                    </div>
                    <!-- Licencia -->
                    <div class="col-lg-3 col-md-6 mb-3">
                        <div class="card border-0 shadow-sm h-100">
                            <div class="card-body">
                                <div class="d-flex justify-content-between align-items-center">
                                    <div>
                                        <p class="text-muted mb-1 small text-uppercase">Licencia</p>
                                        <h5 class="mb-0 fw-bold" t-att-class="state.license.is_valid ? 'text-success' : 'text-danger'">
                                            <t t-if="state.license.is_valid">
                                                <i class="fa fa-check-circle me-1"/> Activa
                                            </t>
                                            <t t-else="">
                                                <i class="fa fa-times-circle me-1"/> Inactiva
                                            </t>
                                        </h5>
                                        <small class="text-muted" t-if="state.license.is_valid">
                                            <t t-esc="state.license.days_remaining"/> días restantes
                                        </small>
                                    </div>
                                    <t t-if="state.license.is_valid">
                                        <div class="rounded-circle d-flex align-items-center justify-content-center" style="width: 55px; height: 55px; background-color: rgba(25, 135, 84, 0.15);">
                                            <i class="fa fa-shield fa-lg" style="color: #198754;"/>
                                        </div>
                                    </t>
                                    <t t-else="">
                                        <div class="rounded-circle d-flex align-items-center justify-content-center" style="width: 55px; height: 55px; background-color: rgba(220, 53, 69, 0.15);">
                                            <i class="fa fa-shield fa-lg" style="color: #dc3545;"/>
                                        </div>
                                    </t>
                                </div>
                            </div>
                        </div>
                    </div>
                </div>

                <!-- Secuencias NCF -->
                <div class="row mb-4">
                    <div class="col-12">
                        <div class="card border-0 shadow-sm">
                            <div class="card-header bg-white py-3 border-bottom">
                                <div class="d-flex justify-content-between align-items-center">
                                    <h5 class="mb-0 fw-bold text-dark">
                                        <i class="fa fa-list-ol me-2" style="color: #0d6efd;"/>
                                        Secuencias NCF Activas
                                    </h5>
                                    <button class="btn btn-sm btn-outline-primary" t-on-click="openSequences">
                                        Ver todas <i class="fa fa-arrow-right ms-1"/>
                                    </button>
                                </div>
                            </div>
                            <div class="card-body p-0">
                                <t t-if="state.sequences.length > 0">
                                    <table class="table table-hover mb-0">
                                        <thead class="bg-light">
                                            <tr>
                                                <th class="border-0 py-3 ps-4">Tipo</th>
                                                <th class="border-0 py-3">Serie</th>
                                                <th class="border-0 py-3">Disponibles</th>
                                                <th class="border-0 py-3" style="width: 200px;">Uso</th>
                                                <th class="border-0 py-3 pe-4">Vencimiento</th>
                                            </tr>
                                        </thead>
                                        <tbody>
                                            <t t-foreach="state.sequences" t-as="seq" t-key="seq.id">
                                                <tr>
                                                    <td class="py-3 ps-4 fw-bold" t-esc="seq.name"/>
                                                    <td class="py-3">
                                                        <span class="badge bg-secondary" t-esc="seq.prefix"/>
                                                    </td>
                                                    <td class="py-3">
                                                        <span t-att-class="'badge ' + (seq.percentage > 50 ? 'bg-success' : (seq.percentage > 20 ? 'bg-warning' : 'bg-danger'))">
                                                            <t t-esc="seq.available"/> / <t t-esc="seq.total"/>
                                                        </span>
                                                    </td>
                                                    <td class="py-3">
                                                        <div class="d-flex align-items-center">
                                                            <div class="progress flex-grow-1" style="height: 8px;">
                                                                <div t-att-class="'progress-bar ' + (seq.percentage > 50 ? 'bg-success' : (seq.percentage > 20 ? 'bg-warning' : 'bg-danger'))"
                                                                     t-attf-style="width: #{seq.percentage}%"/>
                                                            </div>
                                                            <span class="ms-2 small text-muted"><t t-esc="seq.percentage"/>%</span>
                                                        </div>
                                                    </td>
                                                    <td class="py-3 pe-4 text-muted" t-esc="seq.expiration"/>
                                                </tr>
                                            </t>
                                        </tbody>
                                    </table>
                                </t>
                                <t t-else="">
                                    <div class="text-center py-5 text-muted">
                                        <i class="fa fa-inbox fa-3x mb-3"/>
                                        <p class="mb-2">No hay secuencias NCF activas</p>
                                        <button class="btn btn-primary btn-sm" t-on-click="openSequences">
                                            <i class="fa fa-plus me-1"/> Crear Secuencia
                                        </button>
                                    </div>
                                </t>
                            </div>
                        </div>
                    </div>
                </div>

                <!-- Accesos rapidos -->
                <div class="row mb-4">
                    <div class="col-12">
                        <div class="card border-0 shadow-sm">
                            <div class="card-header bg-white py-3 border-bottom">
                                <h5 class="mb-0 fw-bold text-dark">
                                    <i class="fa fa-th-large me-2" style="color: #0d6efd;"/>
                                    Accesos Rápidos
                                </h5>
                            </div>
                            <div class="card-body">
                                <div class="row g-3">
                                    <div class="col-lg-2 col-md-4 col-6">
                                        <button class="btn btn-outline-primary w-100 py-3" t-on-click="openInvoices">
                                            <i class="fa fa-file-text d-block mb-2 fa-lg"/>
                                            <span class="small">Facturas</span>
                                        </button>
                                    </div>
                                    <div class="col-lg-2 col-md-4 col-6">
                                        <button class="btn btn-outline-success w-100 py-3" t-on-click="openPurchases">
                                            <i class="fa fa-shopping-cart d-block mb-2 fa-lg"/>
                                            <span class="small">Compras</span>
                                        </button>
                                    </div>
                                    <div class="col-lg-2 col-md-4 col-6">
                                        <button class="btn btn-outline-info w-100 py-3" t-on-click="openSequences">
                                            <i class="fa fa-list-ol d-block mb-2 fa-lg"/>
                                            <span class="small">Secuencias</span>
                                        </button>
                                    </div>
                                    <div class="col-lg-2 col-md-4 col-6">
                                        <button class="btn btn-outline-warning w-100 py-3" t-on-click="openReports">
                                            <i class="fa fa-file-excel-o d-block mb-2 fa-lg"/>
                                            <span class="small">Reportes DGII</span>
                                        </button>
                                    </div>
                                    <div class="col-lg-2 col-md-4 col-6">
                                        <button class="btn btn-outline-secondary w-100 py-3" t-on-click="openLicense">
                                            <i class="fa fa-key d-block mb-2 fa-lg"/>
                                            <span class="small">Licencia</span>
                                        </button>
                                    </div>
                                    <div class="col-lg-2 col-md-4 col-6">
                                        <button class="btn btn-outline-dark w-100 py-3" t-on-click="openTypes">
                                            <i class="fa fa-cog d-block mb-2 fa-lg"/>
                                            <span class="small">Tipos NCF</span>
                                        </button>
                                    </div>
                                </div>
                            </div>
                        </div>
                    </div>
                </div>

                <!-- Espacio al final -->
                <div style="height: 30px;"></div>

            </div>
        </div>
    </t>

</templates>
